date,visitor,home,visitor_points,home_points
2022-10-18,Philadelphia 76ers,Boston Celtics, 117,126 
2022-10-18,Los Angeles Lakers,Golden State Warriors, 109,123 
2022-10-19,Orlando Magic,Detroit Pistons, 109,113 
2022-10-19,Washington Wizards,Indiana Pacers, 114,107 
2022-10-19,Houston Rockets,Atlanta Hawks, 107,117 
2022-10-19,New Orleans Pelicans,Brooklyn Nets, 130,108 
2022-10-19,Chicago Bulls,Miami Heat, 116,108 
2022-10-19,Cleveland Cavaliers,Toronto Raptors, 105,108 
2022-10-19,New York Knicks,Memphis Grizzlies, 112,115 
2022-10-19,Oklahoma City Thunder,Minnesota Timberwolves, 108,115 
2022-10-19,Charlotte Hornets,San Antonio Spurs, 129,102 
2022-10-19,Denver Nuggets,Utah Jazz, 102,123 
2022-10-19,Dallas Mavericks,Phoenix Suns, 105,107 
2022-10-19,Portland Trail Blazers,Sacramento Kings, 115,108 
2022-10-20,Milwaukee Bucks,Philadelphia 76ers, 90,88 
2022-10-20,LA Clippers,Los Angeles Lakers, 103,97 
2022-10-21,New Orleans Pelicans,Charlotte Hornets, 124,112 
2022-10-21,San Antonio Spurs,Indiana Pacers, 137,134 
2022-10-21,Chicago Bulls,Washington Wizards, 100,102 
2022-10-21,Orlando Magic,Atlanta Hawks, 98,108 
2022-10-21,Toronto Raptors,Brooklyn Nets, 105,109 
2022-10-21,Boston Celtics,Miami Heat, 111,104 
2022-10-21,Detroit Pistons,New York Knicks, 106,130 
2022-10-21,Memphis Grizzlies,Houston Rockets, 129,122 
2022-10-21,Utah Jazz,Minnesota Timberwolves, 132,126 
2022-10-21,Denver Nuggets,Golden State Warriors, 128,123 
2022-10-21,Phoenix Suns,Portland Trail Blazers, 111,113 
2022-10-22,San Antonio Spurs,Philadelphia 76ers, 114,105 
2022-10-22,Detroit Pistons,Indiana Pacers, 115,124 
2022-10-22,Boston Celtics,Orlando Magic, 126,120 
2022-10-22,Toronto Raptors,Miami Heat, 109,112 
2022-10-22,Cleveland Cavaliers,Chicago Bulls, 128,96 
2022-10-22,Houston Rockets,Milwaukee Bucks, 105,125 
2022-10-22,Memphis Grizzlies,Dallas Mavericks, 96,137 
2022-10-22,Oklahoma City Thunder,Denver Nuggets, 117,122 
2022-10-22,LA Clippers,Sacramento Kings, 111,109 
2022-10-23,Portland Trail Blazers,Los Angeles Lakers, 106,104 
2022-10-23,Charlotte Hornets,Atlanta Hawks, 126,109 
2022-10-23,Washington Wizards,Cleveland Cavaliers, 107,117 
2022-10-23,Utah Jazz,New Orleans Pelicans, 122,121 
2022-10-23,Minnesota Timberwolves,Oklahoma City Thunder, 116,106 
2022-10-23,Sacramento Kings,Golden State Warriors, 125,130 
2022-10-23,Phoenix Suns,LA Clippers, 112,95 
2022-10-24,Indiana Pacers,Philadelphia 76ers, 106,120 
2022-10-24,Toronto Raptors,Miami Heat, 98,90 
2022-10-24,Orlando Magic,New York Knicks, 102,115 
2022-10-24,Boston Celtics,Chicago Bulls, 102,120 
2022-10-24,Utah Jazz,Houston Rockets, 108,114 
2022-10-24,Brooklyn Nets,Memphis Grizzlies, 124,134 
2022-10-24,San Antonio Spurs,Minnesota Timberwolves, 115,106 
2022-10-24,Denver Nuggets,Portland Trail Blazers, 110,135 
2022-10-25,Detroit Pistons,Washington Wizards, 99,120 
2022-10-25,Dallas Mavericks,New Orleans Pelicans, 111,113 
2022-10-25,LA Clippers,Oklahoma City Thunder, 94,108 
2022-10-25,Golden State Warriors,Phoenix Suns, 105,134 
2022-10-26,Orlando Magic,Cleveland Cavaliers, 92,103 
2022-10-26,Atlanta Hawks,Detroit Pistons, 118,113 
2022-10-26,Charlotte Hornets,New York Knicks, 131,134 
2022-10-26,Philadelphia 76ers,Toronto Raptors, 109,119 
2022-10-26,Brooklyn Nets,Milwaukee Bucks, 99,110 
2022-10-26,Indiana Pacers,Chicago Bulls, 109,124 
2022-10-26,San Antonio Spurs,Minnesota Timberwolves, 122,134 
2022-10-26,Houston Rockets,Utah Jazz, 101,109 
2022-10-26,Los Angeles Lakers,Denver Nuggets, 99,110 
2022-10-26,Miami Heat,Portland Trail Blazers, 119,98 
2022-10-27,Dallas Mavericks,Brooklyn Nets, 129,125 
2022-10-27,LA Clippers,Oklahoma City Thunder, 110,118 
2022-10-27,Miami Heat,Golden State Warriors, 110,123 
2022-10-27,Memphis Grizzlies,Sacramento Kings, 125,110 
2022-10-28,Atlanta Hawks,Detroit Pistons, 136,112 
2022-10-28,Charlotte Hornets,Orlando Magic, 93,113 
2022-10-28,Cleveland Cavaliers,Boston Celtics, 132,123 
2022-10-28,Philadelphia 76ers,Toronto Raptors, 112,90 
2022-10-28,Indiana Pacers,Washington Wizards, 127,117 
2022-10-28,New York Knicks,Milwaukee Bucks, 108,119 
2022-10-28,Los Angeles Lakers,Minnesota Timberwolves, 102,111 
2022-10-28,Chicago Bulls,San Antonio Spurs, 124,129 
2022-10-28,Utah Jazz,Denver Nuggets, 101,117 
2022-10-28,New Orleans Pelicans,Phoenix Suns, 111,124 
2022-10-28,Houston Rockets,Portland Trail Blazers, 111,125 
2022-10-29,Miami Heat,Sacramento Kings, 113,119 
2022-10-29,Golden State Warriors,Charlotte Hornets, 113,120 
2022-10-29,Indiana Pacers,Brooklyn Nets, 125,116 
2022-10-29,Philadelphia 76ers,Chicago Bulls, 114,109 
2022-10-29,Atlanta Hawks,Milwaukee Bucks, 115,123 
2022-10-29,Oklahoma City Thunder,Dallas Mavericks, 117,111 
2022-10-29,Memphis Grizzlies,Utah Jazz, 123,124 
2022-10-30,New Orleans Pelicans,LA Clippers, 112,91 
2022-10-30,Washington Wizards,Boston Celtics, 94,112 
2022-10-30,New York Knicks,Cleveland Cavaliers, 108,121 
2022-10-30,Golden State Warriors,Detroit Pistons, 114,128 
2022-10-30,Minnesota Timberwolves,San Antonio Spurs, 98,107 
2022-10-30,Orlando Magic,Dallas Mavericks, 105,114 
2022-10-30,Houston Rockets,Phoenix Suns, 109,124 
2022-10-30,Denver Nuggets,Los Angeles Lakers, 110,121 
2022-10-31,Sacramento Kings,Charlotte Hornets, 115,108 
2022-10-31,Philadelphia 76ers,Washington Wizards, 118,111 
2022-10-31,Indiana Pacers,Brooklyn Nets, 109,116 
2022-10-31,Atlanta Hawks,Toronto Raptors, 109,139 
2022-10-31,Detroit Pistons,Milwaukee Bucks, 108,110 
2022-10-31,Memphis Grizzlies,Utah Jazz, 105,121 
2022-10-31,Houston Rockets,LA Clippers, 93,95 
2022-11-01,Chicago Bulls,Brooklyn Nets, 108,99 
2022-11-01,Golden State Warriors,Miami Heat, 109,116 
2022-11-01,Orlando Magic,Oklahoma City Thunder, 108,116 
2022-11-01,Minnesota Timberwolves,Phoenix Suns, 107,116 
2022-11-02,Washington Wizards,Philadelphia 76ers, 121,111 
2022-11-02,Boston Celtics,Cleveland Cavaliers, 113,114 
2022-11-02,Sacramento Kings,Miami Heat, 107,110 
2022-11-02,Atlanta Hawks,New York Knicks, 112,99 
2022-11-02,Charlotte Hornets,Chicago Bulls, 88,106 
2022-11-02,LA Clippers,Houston Rockets, 109,101 
2022-11-02,Detroit Pistons,Milwaukee Bucks, 91,116 
2022-11-02,Toronto Raptors,San Antonio Spurs, 143,100 
2022-11-02,Utah Jazz,Dallas Mavericks, 100,103 
2022-11-02,Memphis Grizzlies,Portland Trail Blazers, 111,106 
2022-11-02,New Orleans Pelicans,Los Angeles Lakers, 117,120 
2022-11-03,Golden State Warriors,Orlando Magic, 129,130 
2022-11-03,Denver Nuggets,Oklahoma City Thunder, 122,110 
2022-11-04,Cleveland Cavaliers,Detroit Pistons, 112,88 
2022-11-04,Miami Heat,Indiana Pacers, 99,101 
2022-11-04,New York Knicks,Philadelphia 76ers, 106,104 
2022-11-04,Brooklyn Nets,Washington Wizards, 128,86 
2022-11-04,Chicago Bulls,Boston Celtics, 119,123 
2022-11-04,Charlotte Hornets,Memphis Grizzlies, 99,130 
2022-11-04,LA Clippers,San Antonio Spurs, 113,106 
2022-11-04,Toronto Raptors,Dallas Mavericks, 110,111 
2022-11-04,Golden State Warriors,New Orleans Pelicans, 105,114 
2022-11-04,Milwaukee Bucks,Minnesota Timberwolves, 115,102 
2022-11-04,Portland Trail Blazers,Phoenix Suns, 108,106 
2022-11-04,Utah Jazz,Los Angeles Lakers, 130,116 
2022-11-05,Sacramento Kings,Orlando Magic, 126,123 
2022-11-05,Brooklyn Nets,Charlotte Hornets, 98,94 
2022-11-05,New Orleans Pelicans,Atlanta Hawks, 121,124 
2022-11-05,Boston Celtics,New York Knicks, 133,118 
2022-11-05,Oklahoma City Thunder,Milwaukee Bucks, 94,108 
2022-11-05,Houston Rockets,Minnesota Timberwolves, 117,129 
2022-11-05,San Antonio Spurs,Denver Nuggets, 101,126 
2022-11-05,Portland Trail Blazers,Phoenix Suns, 82,102 
2022-11-06,Cleveland Cavaliers,Los Angeles Lakers, 114,100 
2022-11-06,Chicago Bulls,Toronto Raptors, 104,113 
2022-11-06,Washington Wizards,Memphis Grizzlies, 97,103 
2022-11-06,Utah Jazz,LA Clippers, 110,102 
2022-11-07,Washington Wizards,Charlotte Hornets, 108,100 
2022-11-07,Houston Rockets,Orlando Magic, 134,127 
2022-11-07,Oklahoma City Thunder,Detroit Pistons, 103,112 
2022-11-07,New Orleans Pelicans,Indiana Pacers, 122,129 
2022-11-07,Phoenix Suns,Philadelphia 76ers, 88,100 
2022-11-07,Milwaukee Bucks,Atlanta Hawks, 98,117 
2022-11-07,Portland Trail Blazers,Miami Heat, 110,107 
2022-11-07,Toronto Raptors,Chicago Bulls, 97,111 
2022-11-07,Boston Celtics,Memphis Grizzlies, 109,106 
2022-11-07,New York Knicks,Minnesota Timberwolves, 120,107 
2022-11-07,Denver Nuggets,San Antonio Spurs, 115,109 
2022-11-07,Brooklyn Nets,Dallas Mavericks, 94,96 
2022-11-07,Sacramento Kings,Golden State Warriors, 113,116 
2022-11-07,Los Angeles Lakers,Utah Jazz, 116,139 
2022-11-07,Cleveland Cavaliers,LA Clippers, 117,119 
2022-11-09,Dallas Mavericks,Orlando Magic, 87,94 
2022-11-09,Portland Trail Blazers,Charlotte Hornets, 105,95 
2022-11-09,Denver Nuggets,Indiana Pacers, 122,119 
2022-11-09,Utah Jazz,Atlanta Hawks, 125,119 
2022-11-09,Detroit Pistons,Boston Celtics, 112,128 
2022-11-09,New York Knicks,Brooklyn Nets, 85,112 
2022-11-09,Houston Rockets,Toronto Raptors, 109,116 
2022-11-09,New Orleans Pelicans,Chicago Bulls, 115,111 
2022-11-09,Phoenix Suns,Minnesota Timberwolves, 129,117 
2022-11-09,Milwaukee Bucks,Oklahoma City Thunder, 136,132 
2022-11-09,Memphis Grizzlies,San Antonio Spurs, 124,122 
2022-11-09,Los Angeles Lakers,LA Clippers, 101,114 
2022-11-09,Cleveland Cavaliers,Sacramento Kings, 120,127 
2022-11-10,Dallas Mavericks,Washington Wizards, 105,113 
2022-11-10,Philadelphia 76ers,Atlanta Hawks, 95,104 
2022-11-10,Charlotte Hornets,Miami Heat, 112,117 
2022-11-10,Portland Trail Blazers,New Orleans Pelicans, 106,95 
2022-11-11,Denver Nuggets,Boston Celtics, 112,131 
2022-11-11,Phoenix Suns,Orlando Magic, 97,114 
2022-11-11,Detroit Pistons,New York Knicks, 112,121 
2022-11-11,Toronto Raptors,Oklahoma City Thunder, 113,132 
2022-11-11,Milwaukee Bucks,San Antonio Spurs, 93,111 
2022-11-11,Minnesota Timberwolves,Memphis Grizzlies, 103,114 
2022-11-11,Cleveland Cavaliers,Golden State Warriors, 101,106 
2022-11-11,Sacramento Kings,Los Angeles Lakers, 120,114 
2022-11-12,Brooklyn Nets,LA Clippers, 110,95 
2022-11-12,Utah Jazz,Washington Wizards, 112,121 
2022-11-12,Boston Celtics,Detroit Pistons, 117,108 
2022-11-12,Toronto Raptors,Indiana Pacers, 104,118 
2022-11-12,Atlanta Hawks,Philadelphia 76ers, 109,121 
2022-11-12,Charlotte Hornets,Miami Heat, 115,132 
2022-11-12,Portland Trail Blazers,Dallas Mavericks, 112,117 
2022-11-12,Houston Rockets,New Orleans Pelicans, 106,119 
2022-11-13,Oklahoma City Thunder,New York Knicks, 145,135 
2022-11-13,Minnesota Timberwolves,Cleveland Cavaliers, 129,124 
2022-11-13,Memphis Grizzlies,Washington Wizards, 92,102 
2022-11-13,Utah Jazz,Philadelphia 76ers, 98,105 
2022-11-13,Denver Nuggets,Chicago Bulls, 126,103 
2022-11-13,Golden State Warriors,Sacramento Kings, 115,122 
2022-11-13,Brooklyn Nets,Los Angeles Lakers, 103,116 
2022-11-14,Toronto Raptors,Detroit Pistons, 115,111 
2022-11-14,Charlotte Hornets,Orlando Magic, 112,105 
2022-11-14,Oklahoma City Thunder,Boston Celtics, 122,126 
2022-11-14,Phoenix Suns,Miami Heat, 112,113 
2022-11-14,LA Clippers,Houston Rockets, 122,106 
2022-11-14,Atlanta Hawks,Milwaukee Bucks, 121,106 
2022-11-14,San Antonio Spurs,Golden State Warriors, 95,132 
2022-11-15,Memphis Grizzlies,New Orleans Pelicans, 102,113 
2022-11-15,LA Clippers,Dallas Mavericks, 101,103 
2022-11-15,New York Knicks,Utah Jazz, 118,111 
2022-11-15,San Antonio Spurs,Portland Trail Blazers, 110,117 
2022-11-15,Brooklyn Nets,Sacramento Kings, 121,153 
2022-11-16,Indiana Pacers,Charlotte Hornets, 125,113 
2022-11-16,Minnesota Timberwolves,Orlando Magic, 126,108 
2022-11-16,Oklahoma City Thunder,Washington Wizards, 121,120 
2022-11-16,Boston Celtics,Atlanta Hawks, 126,101 
2022-11-16,Miami Heat,Toronto Raptors, 104,112 
2022-11-16,Cleveland Cavaliers,Milwaukee Bucks, 98,113 
2022-11-16,Chicago Bulls,New Orleans Pelicans, 110,124 
2022-11-16,Houston Rockets,Dallas Mavericks, 101,92 
2022-11-16,New York Knicks,Denver Nuggets, 106,103 
2022-11-16,Golden State Warriors,Phoenix Suns, 119,130 
2022-11-17,Brooklyn Nets,Portland Trail Blazers, 109,107 
2022-11-17,San Antonio Spurs,Sacramento Kings, 112,130 
2022-11-17,Detroit Pistons,LA Clippers, 91,96 
2022-11-18,Miami Heat,Washington Wizards, 106,107 
2022-11-18,Charlotte Hornets,Cleveland Cavaliers, 122,132 
2022-11-18,Milwaukee Bucks,Philadelphia 76ers, 102,110 
2022-11-18,Orlando Magic,Chicago Bulls, 108,107 
2022-11-18,Indiana Pacers,Houston Rockets, 99,91 
2022-11-18,Oklahoma City Thunder,Memphis Grizzlies, 110,121 
2022-11-18,Denver Nuggets,Dallas Mavericks, 99,127 
2022-11-18,Boston Celtics,New Orleans Pelicans, 117,109 
2022-11-18,Phoenix Suns,Utah Jazz, 133,134 
2022-11-18,New York Knicks,Golden State Warriors, 101,111 
2022-11-18,Detroit Pistons,Los Angeles Lakers, 121,128 
2022-11-19,Toronto Raptors,Atlanta Hawks, 122,124 
2022-11-19,Orlando Magic,Indiana Pacers, 113,114 
2022-11-19,Minnesota Timberwolves,Philadelphia 76ers, 112,109 
2022-11-19,Utah Jazz,Portland Trail Blazers, 118,113 
2022-11-19,San Antonio Spurs,LA Clippers, 97,119 
2022-11-20,New York Knicks,Phoenix Suns, 95,116 
2022-11-20,Charlotte Hornets,Washington Wizards, 102,106 
2022-11-20,Detroit Pistons,Sacramento Kings, 129,137 
2022-11-20,Memphis Grizzlies,Brooklyn Nets, 115,127 
2022-11-20,Miami Heat,Cleveland Cavaliers, 87,113 
2022-11-20,Golden State Warriors,Houston Rockets, 127,120 
2022-11-20,Denver Nuggets,Dallas Mavericks, 98,97 
2022-11-20,San Antonio Spurs,Los Angeles Lakers, 92,123 
2022-11-21,Atlanta Hawks,Cleveland Cavaliers, 102,114 
2022-11-21,Orlando Magic,Indiana Pacers, 102,123 
2022-11-21,Boston Celtics,Chicago Bulls, 107,121 
2022-11-21,Portland Trail Blazers,Milwaukee Bucks, 111,119 
2022-11-21,Miami Heat,Minnesota Timberwolves, 101,105 
2022-11-21,Golden State Warriors,New Orleans Pelicans, 83,128 
2022-11-21,New York Knicks,Oklahoma City Thunder, 129,119 
2022-11-21,Utah Jazz,LA Clippers, 114,121 
2022-11-22,Brooklyn Nets,Philadelphia 76ers, 106,115 
2022-11-22,Sacramento Kings,Memphis Grizzlies, 113,109 
2022-11-22,Detroit Pistons,Denver Nuggets, 110,108 
2022-11-22,Los Angeles Lakers,Phoenix Suns, 105,115 
2022-11-23,Philadelphia 76ers,Charlotte Hornets, 101,107 
2022-11-23,Portland Trail Blazers,Cleveland Cavaliers, 96,114 
2022-11-23,Minnesota Timberwolves,Indiana Pacers, 115,101 
2022-11-23,Sacramento Kings,Atlanta Hawks, 106,115 
2022-11-23,Dallas Mavericks,Boston Celtics, 112,125 
2022-11-23,Washington Wizards,Miami Heat, 105,113 
2022-11-23,Brooklyn Nets,Toronto Raptors, 112,98 
2022-11-23,Chicago Bulls,Milwaukee Bucks, 118,113 
2022-11-23,Denver Nuggets,Oklahoma City Thunder, 131,126 
2022-11-23,New Orleans Pelicans,San Antonio Spurs, 129,110 
2022-11-23,Detroit Pistons,Utah Jazz, 125,116 
2022-11-23,LA Clippers,Golden State Warriors, 107,124 
2022-11-25,Minnesota Timberwolves,Charlotte Hornets, 108,110 
2022-11-25,Philadelphia 76ers,Orlando Magic, 107,99 
2022-11-25,Portland Trail Blazers,New York Knicks, 132,129 
2022-11-25,Sacramento Kings,Boston Celtics, 104,122 
2022-11-25,Brooklyn Nets,Indiana Pacers, 117,128 
2022-11-25,Washington Wizards,Miami Heat, 107,110 
2022-11-25,Atlanta Hawks,Houston Rockets, 122,128 
2022-11-25,New Orleans Pelicans,Memphis Grizzlies, 111,132 
2022-11-25,Cleveland Cavaliers,Milwaukee Bucks, 102,117 
2022-11-25,Chicago Bulls,Oklahoma City Thunder, 119,123 
2022-11-25,Los Angeles Lakers,San Antonio Spurs, 105,94 
2022-11-25,Detroit Pistons,Phoenix Suns, 102,108 
2022-11-25,Utah Jazz,Golden State Warriors, 118,129 
2022-11-25,Denver Nuggets,LA Clippers, 114,104 
2022-11-26,Dallas Mavericks,Toronto Raptors, 100,105 
2022-11-26,Oklahoma City Thunder,Houston Rockets, 105,118 
2022-11-26,Los Angeles Lakers,San Antonio Spurs, 143,138 
2022-11-26,Utah Jazz,Phoenix Suns, 112,113 
2022-11-27,Portland Trail Blazers,Brooklyn Nets, 97,111 
2022-11-27,Golden State Warriors,Minnesota Timberwolves, 137,114 
2022-11-27,Indiana Pacers,LA Clippers, 100,114 
2022-11-27,Miami Heat,Atlanta Hawks, 106,98 
2022-11-27,Washington Wizards,Boston Celtics, 121,130 
2022-11-27,Cleveland Cavaliers,Detroit Pistons, 102,94 
2022-11-27,Memphis Grizzlies,New York Knicks, 127,123 
2022-11-27,Philadelphia 76ers,Orlando Magic, 133,103 
2022-11-27,Dallas Mavericks,Milwaukee Bucks, 115,124 
2022-11-28,Atlanta Hawks,Philadelphia 76ers, 101,104 
2022-11-28,Minnesota Timberwolves,Washington Wizards, 127,142 
2022-11-28,Charlotte Hornets,Boston Celtics, 105,140 
2022-11-28,Orlando Magic,Brooklyn Nets, 102,109 
2022-11-28,Cleveland Cavaliers,Toronto Raptors, 88,100 
2022-11-28,Oklahoma City Thunder,New Orleans Pelicans, 101,105 
2022-11-28,Houston Rockets,Denver Nuggets, 113,129 
2022-11-28,Chicago Bulls,Utah Jazz, 114,107 
2022-11-28,Phoenix Suns,Sacramento Kings, 122,117 
2022-11-28,Indiana Pacers,Los Angeles Lakers, 116,115 
2022-11-29,New York Knicks,Detroit Pistons, 140,110 
2022-11-29,Golden State Warriors,Dallas Mavericks, 113,116 
2022-11-29,LA Clippers,Portland Trail Blazers, 118,112 
2022-11-30,Philadelphia 76ers,Cleveland Cavaliers, 85,113 
2022-11-30,Atlanta Hawks,Orlando Magic, 125,108 
2022-11-30,Miami Heat,Boston Celtics, 121,134 
2022-11-30,Washington Wizards,Brooklyn Nets, 107,113 
2022-11-30,Milwaukee Bucks,New York Knicks, 109,103 
2022-11-30,Memphis Grizzlies,Minnesota Timberwolves, 101,109 
2022-11-30,Toronto Raptors,New Orleans Pelicans, 108,126 
2022-11-30,San Antonio Spurs,Oklahoma City Thunder, 111,119 
2022-11-30,Houston Rockets,Denver Nuggets, 100,120 
2022-11-30,Chicago Bulls,Phoenix Suns, 113,132 
2022-11-30,LA Clippers,Utah Jazz, 112,125 
2022-11-30,Indiana Pacers,Sacramento Kings, 114,137 
2022-11-30,Portland Trail Blazers,Los Angeles Lakers, 109,128 
2022-12-01,Dallas Mavericks,Detroit Pistons, 125,131 
2022-12-02,Washington Wizards,Charlotte Hornets, 116,117 
2022-12-02,Denver Nuggets,Atlanta Hawks, 109,117 
2022-12-02,Miami Heat,Boston Celtics, 120,116 
2022-12-02,Toronto Raptors,Brooklyn Nets, 105,114 
2022-12-02,Orlando Magic,Cleveland Cavaliers, 96,107 
2022-12-02,Los Angeles Lakers,Milwaukee Bucks, 133,129 
2022-12-02,Philadelphia 76ers,Memphis Grizzlies, 109,117 
2022-12-02,New Orleans Pelicans,San Antonio Spurs, 117,99 
2022-12-02,Houston Rockets,Phoenix Suns, 122,121 
2022-12-02,Indiana Pacers,Utah Jazz, 119,139 
2022-12-02,Chicago Bulls,Golden State Warriors, 111,119 
2022-12-03,Dallas Mavericks,New York Knicks, 121,100 
2022-12-03,Sacramento Kings,LA Clippers, 123,96 
2022-12-03,Milwaukee Bucks,Charlotte Hornets, 105,96 
2022-12-03,Orlando Magic,Toronto Raptors, 108,121 
2022-12-03,Oklahoma City Thunder,Minnesota Timberwolves, 135,128 
2022-12-03,Houston Rockets,Golden State Warriors, 101,120 
2022-12-03,Portland Trail Blazers,Utah Jazz, 116,111 
2022-12-04,Denver Nuggets,New Orleans Pelicans, 106,121 
2022-12-04,Phoenix Suns,San Antonio Spurs, 133,95 
2022-12-04,Boston Celtics,Brooklyn Nets, 103,92 
2022-12-04,Memphis Grizzlies,Detroit Pistons, 122,112 
2022-12-04,Cleveland Cavaliers,New York Knicks, 81,92 
2022-12-04,Los Angeles Lakers,Washington Wizards, 130,119 
2022-12-04,Chicago Bulls,Sacramento Kings, 101,110 
2022-12-04,Indiana Pacers,Portland Trail Blazers, 100,116 
2022-12-05,LA Clippers,Charlotte Hornets, 119,117 
2022-12-05,Milwaukee Bucks,Orlando Magic, 109,102 
2022-12-05,Oklahoma City Thunder,Atlanta Hawks, 121,114 
2022-12-05,Boston Celtics,Toronto Raptors, 116,110 
2022-12-05,Philadelphia 76ers,Houston Rockets, 123,132 
2022-12-05,Miami Heat,Memphis Grizzlies, 93,101 
2022-12-05,Phoenix Suns,Dallas Mavericks, 111,130 
2022-12-05,Indiana Pacers,Golden State Warriors, 112,104 
2022-12-06,Los Angeles Lakers,Cleveland Cavaliers, 102,116 
2022-12-06,Detroit Pistons,Miami Heat, 116,96 
2022-12-06,Dallas Mavericks,Denver Nuggets, 116,115 
2022-12-07,LA Clippers,Orlando Magic, 111,116 
2022-12-07,Charlotte Hornets,Brooklyn Nets, 116,122 
2022-12-07,Atlanta Hawks,New York Knicks, 89,113 
2022-12-07,Los Angeles Lakers,Toronto Raptors, 113,126 
2022-12-07,Washington Wizards,Chicago Bulls, 111,115 
2022-12-07,Oklahoma City Thunder,Memphis Grizzlies, 102,123 
2022-12-07,Sacramento Kings,Milwaukee Bucks, 113,126 
2022-12-07,Indiana Pacers,Minnesota Timberwolves, 115,121 
2022-12-07,Detroit Pistons,New Orleans Pelicans, 98,104 
2022-12-07,Golden State Warriors,Utah Jazz, 123,124 
2022-12-07,Boston Celtics,Phoenix Suns, 125,98 
2022-12-08,LA Clippers,Miami Heat, 110,115 
2022-12-08,Houston Rockets,San Antonio Spurs, 109,118 
2022-12-08,Denver Nuggets,Portland Trail Blazers, 121,120 
2022-12-09,New York Knicks,Charlotte Hornets, 121,102 
2022-12-09,Washington Wizards,Indiana Pacers, 111,121 
2022-12-09,Toronto Raptors,Orlando Magic, 109,113 
2022-12-09,Atlanta Hawks,Brooklyn Nets, 116,120 
2022-12-09,Sacramento Kings,Cleveland Cavaliers, 106,95 
2022-12-09,Los Angeles Lakers,Philadelphia 76ers, 122,133 
2022-12-09,Detroit Pistons,Memphis Grizzlies, 103,114 
2022-12-09,Phoenix Suns,New Orleans Pelicans, 117,128 
2022-12-09,Minnesota Timberwolves,Utah Jazz, 118,108 
2022-12-09,Milwaukee Bucks,Dallas Mavericks, 106,105 
2022-12-10,San Antonio Spurs,Miami Heat, 115,111 
2022-12-10,Brooklyn Nets,Indiana Pacers, 136,133 
2022-12-10,LA Clippers,Washington Wizards, 114,107 
2022-12-10,Oklahoma City Thunder,Cleveland Cavaliers, 102,110 
2022-12-10,Dallas Mavericks,Chicago Bulls, 115,144 
2022-12-10,Boston Celtics,Golden State Warriors, 107,123 
2022-12-10,Utah Jazz,Denver Nuggets, 110,115 
2022-12-10,Minnesota Timberwolves,Portland Trail Blazers, 118,124 
2022-12-11,Phoenix Suns,New Orleans Pelicans, 124,129 
2022-12-11,Los Angeles Lakers,Detroit Pistons, 124,117 
2022-12-11,Sacramento Kings,New York Knicks, 99,112 
2022-12-11,Toronto Raptors,Orlando Magic, 99,111 
2022-12-11,Charlotte Hornets,Philadelphia 76ers, 113,131 
2022-12-11,Chicago Bulls,Atlanta Hawks, 122,123 
2022-12-11,Milwaukee Bucks,Houston Rockets, 92,97 
2022-12-12,Miami Heat,Indiana Pacers, 87,82 
2022-12-12,Brooklyn Nets,Washington Wizards, 112,100 
2022-12-12,Atlanta Hawks,Memphis Grizzlies, 103,128 
2022-12-12,Oklahoma City Thunder,Dallas Mavericks, 114,121 
2022-12-12,Cleveland Cavaliers,San Antonio Spurs, 111,112 
2022-12-12,Minnesota Timberwolves,Portland Trail Blazers, 112,133 
2022-12-12,Boston Celtics,LA Clippers, 93,113 
2022-12-13,Sacramento Kings,Philadelphia 76ers, 103,123 
2022-12-13,Golden State Warriors,Milwaukee Bucks, 111,128 
2022-12-13,Phoenix Suns,Houston Rockets, 97,111 
2022-12-13,New Orleans Pelicans,Utah Jazz, 100,121 
2022-12-13,Boston Celtics,Los Angeles Lakers, 122,118 
2022-12-14,Detroit Pistons,Charlotte Hornets, 141,134 
2022-12-14,Golden State Warriors,Indiana Pacers, 119,125 
2022-12-14,Atlanta Hawks,Orlando Magic, 124,135 
2022-12-14,Sacramento Kings,Toronto Raptors, 124,123 
2022-12-14,New York Knicks,Chicago Bulls, 128,120 
2022-12-14,Miami Heat,Oklahoma City Thunder, 110,108 
2022-12-14,Portland Trail Blazers,San Antonio Spurs, 128,112 
2022-12-14,Cleveland Cavaliers,Dallas Mavericks, 105,90 
2022-12-14,Washington Wizards,Denver Nuggets, 128,141 
2022-12-14,Minnesota Timberwolves,LA Clippers, 88,99 
2022-12-15,Miami Heat,Houston Rockets, 111,108 
2022-12-15,Milwaukee Bucks,Memphis Grizzlies, 101,142 
2022-12-15,New Orleans Pelicans,Utah Jazz, 129,132 
2022-12-15,Phoenix Suns,LA Clippers, 111,95 
2022-12-16,Atlanta Hawks,Charlotte Hornets, 125,106 
2022-12-16,Sacramento Kings,Detroit Pistons, 122,113 
2022-12-16,Orlando Magic,Boston Celtics, 117,109 
2022-12-16,Indiana Pacers,Cleveland Cavaliers, 112,118 
2022-12-16,Golden State Warriors,Philadelphia 76ers, 106,118 
2022-12-16,Brooklyn Nets,Toronto Raptors, 119,116 
2022-12-16,New York Knicks,Chicago Bulls, 114,91 
2022-12-16,Minnesota Timberwolves,Oklahoma City Thunder, 112,110 
2022-12-16,Portland Trail Blazers,Dallas Mavericks, 110,130 
2022-12-16,Denver Nuggets,Los Angeles Lakers, 108,126 
2022-12-17,Washington Wizards,LA Clippers, 93,102 
2022-12-17,Miami Heat,San Antonio Spurs, 111,101 
2022-12-17,Dallas Mavericks,Cleveland Cavaliers, 99,100 
2022-12-17,Portland Trail Blazers,Houston Rockets, 107,95 
2022-12-17,Utah Jazz,Milwaukee Bucks, 97,123 
2022-12-17,Memphis Grizzlies,Oklahoma City Thunder, 109,115 
2022-12-17,New Orleans Pelicans,Phoenix Suns, 114,118 
2022-12-18,Orlando Magic,Boston Celtics, 95,92 
2022-12-18,New York Knicks,Indiana Pacers, 109,106 
2022-12-18,Brooklyn Nets,Detroit Pistons, 124,121 
2022-12-18,Golden State Warriors,Toronto Raptors, 126,110 
2022-12-18,Chicago Bulls,Minnesota Timberwolves, 126,150 
2022-12-18,Charlotte Hornets,Denver Nuggets, 115,119 
2022-12-18,Washington Wizards,Los Angeles Lakers, 117,119 
2022-12-19,Utah Jazz,Cleveland Cavaliers, 99,122 
2022-12-19,Toronto Raptors,Philadelphia 76ers, 101,104 
2022-12-19,Orlando Magic,Atlanta Hawks, 125,126 
2022-12-19,San Antonio Spurs,Houston Rockets, 124,105 
2022-12-19,Dallas Mavericks,Minnesota Timberwolves, 106,116 
2022-12-19,Milwaukee Bucks,New Orleans Pelicans, 128,119 
2022-12-19,Portland Trail Blazers,Oklahoma City Thunder, 121,123 
2022-12-19,Los Angeles Lakers,Phoenix Suns, 104,130 
2022-12-19,Charlotte Hornets,Sacramento Kings, 125,119 
2022-12-20,Utah Jazz,Detroit Pistons, 126,111 
2022-12-20,Chicago Bulls,Miami Heat, 113,103 
2022-12-20,Golden State Warriors,New York Knicks, 94,132 
2022-12-20,Washington Wizards,Phoenix Suns, 113,110 
2022-12-20,Memphis Grizzlies,Denver Nuggets, 91,105 
2022-12-21,Milwaukee Bucks,Cleveland Cavaliers, 106,114 
2022-12-21,Detroit Pistons,Philadelphia 76ers, 93,113 
2022-12-21,Chicago Bulls,Atlanta Hawks, 110,108 
2022-12-21,Indiana Pacers,Boston Celtics, 117,112 
2022-12-21,Golden State Warriors,Brooklyn Nets, 113,143 
2022-12-21,Toronto Raptors,New York Knicks, 113,106 
2022-12-21,Orlando Magic,Houston Rockets, 116,110 
2022-12-21,Dallas Mavericks,Minnesota Timberwolves, 104,99 
2022-12-21,Portland Trail Blazers,Oklahoma City Thunder, 98,101 
2022-12-21,Los Angeles Lakers,Sacramento Kings, 120,134 
2022-12-21,Charlotte Hornets,LA Clippers, 105,126 
2022-12-22,San Antonio Spurs,New Orleans Pelicans, 117,126 
2022-12-22,Washington Wizards,Utah Jazz, 112,120 
2022-12-23,San Antonio Spurs,Orlando Magic, 113,133 
2022-12-23,LA Clippers,Philadelphia 76ers, 114,119 
2022-12-23,Detroit Pistons,Atlanta Hawks, 105,130 
2022-12-23,Minnesota Timberwolves,Boston Celtics, 109,121 
2022-12-23,Milwaukee Bucks,Brooklyn Nets, 100,118 
2022-12-23,Toronto Raptors,Cleveland Cavaliers, 118,107 
2022-12-23,Chicago Bulls,New York Knicks, 118,117 
2022-12-23,Indiana Pacers,Miami Heat, 111,108 
2022-12-23,Dallas Mavericks,Houston Rockets, 112,106 
2022-12-23,New Orleans Pelicans,Oklahoma City Thunder, 128,125 
2022-12-23,Portland Trail Blazers,Denver Nuggets, 107,120 
2022-12-23,Memphis Grizzlies,Phoenix Suns, 125,100 
2022-12-23,Washington Wizards,Sacramento Kings, 125,111 
2022-12-23,Charlotte Hornets,Los Angeles Lakers, 134,130 
2022-12-25,Philadelphia 76ers,New York Knicks, 119,112 
2022-12-25,Los Angeles Lakers,Dallas Mavericks, 115,124 
2022-12-25,Milwaukee Bucks,Boston Celtics, 118,139 
2022-12-25,Memphis Grizzlies,Golden State Warriors, 109,123 
2022-12-25,Phoenix Suns,Denver Nuggets, 125,128 
2022-12-26,Brooklyn Nets,Cleveland Cavaliers, 125,117 
2022-12-26,LA Clippers,Detroit Pistons, 142,131 
2022-12-26,Minnesota Timberwolves,Miami Heat, 110,113 
2022-12-26,Houston Rockets,Chicago Bulls, 133,118 
2022-12-26,Indiana Pacers,New Orleans Pelicans, 93,113 
2022-12-26,Utah Jazz,San Antonio Spurs, 122,126 
2022-12-26,Charlotte Hornets,Portland Trail Blazers, 113,124 
2022-12-27,Los Angeles Lakers,Orlando Magic, 129,110 
2022-12-27,Philadelphia 76ers,Washington Wizards, 111,116 
2022-12-27,Houston Rockets,Boston Celtics, 102,126 
2022-12-27,Atlanta Hawks,Indiana Pacers, 114,129 
2022-12-27,LA Clippers,Toronto Raptors, 124,113 
2022-12-27,Phoenix Suns,Memphis Grizzlies, 125,108 
2022-12-27,San Antonio Spurs,Oklahoma City Thunder, 114,130 
2022-12-27,New York Knicks,Dallas Mavericks, 121,126 
2022-12-27,Charlotte Hornets,Golden State Warriors, 105,110 
2022-12-27,Denver Nuggets,Sacramento Kings, 113,106 
2022-12-28,Orlando Magic,Detroit Pistons, 101,121 
2022-12-28,Phoenix Suns,Washington Wizards, 102,127 
2022-12-28,Brooklyn Nets,Atlanta Hawks, 108,107 
2022-12-28,Los Angeles Lakers,Miami Heat, 98,112 
2022-12-28,Milwaukee Bucks,Chicago Bulls, 113,119 
2022-12-28,Minnesota Timberwolves,New Orleans Pelicans, 118,119 
2022-12-28,Utah Jazz,Golden State Warriors, 107,112 
2022-12-28,Denver Nuggets,Sacramento Kings, 126,127 
2022-12-29,Oklahoma City Thunder,Charlotte Hornets, 113,121 
2022-12-29,Cleveland Cavaliers,Indiana Pacers, 126,135 
2022-12-29,LA Clippers,Boston Celtics, 110,116 
2022-12-29,Memphis Grizzlies,Toronto Raptors, 119,106 
2022-12-29,New York Knicks,San Antonio Spurs, 115,122 
2022-12-29,Houston Rockets,Dallas Mavericks, 114,129 
2022-12-30,Washington Wizards,Orlando Magic, 119,100 
2022-12-30,Los Angeles Lakers,Atlanta Hawks, 130,121 
2022-12-30,Phoenix Suns,Toronto Raptors, 104,113 
2022-12-30,Detroit Pistons,Chicago Bulls, 118,132 
2022-12-30,Minnesota Timberwolves,Milwaukee Bucks, 114,123 
2022-12-30,Philadelphia 76ers,New Orleans Pelicans, 116,127 
2022-12-30,Miami Heat,Denver Nuggets, 119,124 
2022-12-30,Portland Trail Blazers,Golden State Warriors, 112,118 
2022-12-30,Utah Jazz,Sacramento Kings, 125,126 
2022-12-31,LA Clippers,Indiana Pacers, 130,131 
2022-12-31,Brooklyn Nets,Charlotte Hornets, 123,106 
2022-12-31,Cleveland Cavaliers,Chicago Bulls, 103,102 
2022-12-31,New York Knicks,Houston Rockets, 108,88 
2022-12-31,Dallas Mavericks,San Antonio Spurs, 126,125 
2022-12-31,New Orleans Pelicans,Memphis Grizzlies, 101,116 
2022-12-31,Detroit Pistons,Minnesota Timberwolves, 116,104 
2022-12-31,Philadelphia 76ers,Oklahoma City Thunder, 115,96 
2022-12-31,Miami Heat,Utah Jazz, 126,123 
2023-01-01,Sacramento Kings,Memphis Grizzlies, 108,118 
2023-01-01,Washington Wizards,Milwaukee Bucks, 118,95 
2023-01-01,Boston Celtics,Denver Nuggets, 111,123 
2023-01-02,Phoenix Suns,New York Knicks, 83,102 
2023-01-02,Los Angeles Lakers,Charlotte Hornets, 121,115 
2023-01-02,Chicago Bulls,Cleveland Cavaliers, 134,145 
2023-01-02,Toronto Raptors,Indiana Pacers, 114,122 
2023-01-02,New Orleans Pelicans,Philadelphia 76ers, 111,120 
2023-01-02,San Antonio Spurs,Brooklyn Nets, 103,139 
2023-01-02,Dallas Mavericks,Houston Rockets, 111,106 
2023-01-02,Denver Nuggets,Minnesota Timberwolves, 111,124 
2023-01-02,Atlanta Hawks,Golden State Warriors, 141,143 
2023-01-02,Detroit Pistons,Portland Trail Blazers, 106,135 
2023-01-02,Miami Heat,LA Clippers, 110,100 
2023-01-03,Washington Wizards,Milwaukee Bucks, 113,123 
2023-01-03,Boston Celtics,Oklahoma City Thunder, 117,150 
2023-01-03,Sacramento Kings,Utah Jazz, 117,115 
2023-01-04,Memphis Grizzlies,Charlotte Hornets, 131,107 
2023-01-04,Phoenix Suns,Cleveland Cavaliers, 88,90 
2023-01-04,Oklahoma City Thunder,Orlando Magic, 115,126 
2023-01-04,Indiana Pacers,Philadelphia 76ers, 126,129 
2023-01-04,San Antonio Spurs,New York Knicks, 114,117 
2023-01-04,Milwaukee Bucks,Toronto Raptors, 104,101 
2023-01-04,Brooklyn Nets,Chicago Bulls, 112,121 
2023-01-04,Portland Trail Blazers,Minnesota Timberwolves, 106,113 
2023-01-04,Houston Rockets,New Orleans Pelicans, 108,119 
2023-01-04,Detroit Pistons,Golden State Warriors, 122,119 
2023-01-04,Miami Heat,Los Angeles Lakers, 109,112 
2023-01-04,Atlanta Hawks,Sacramento Kings, 120,117 
2023-01-05,Memphis Grizzlies,Orlando Magic, 123,115 
2023-01-05,Boston Celtics,Dallas Mavericks, 124,95 
2023-01-05,Utah Jazz,Houston Rockets, 131,114 
2023-01-05,LA Clippers,Denver Nuggets, 91,122 
2023-01-06,Portland Trail Blazers,Indiana Pacers, 99,108 
2023-01-06,Chicago Bulls,Philadelphia 76ers, 126,112 
2023-01-06,New York Knicks,Toronto Raptors, 112,108 
2023-01-06,Brooklyn Nets,New Orleans Pelicans, 108,102 
2023-01-06,Charlotte Hornets,Milwaukee Bucks, 138,109 
2023-01-06,Washington Wizards,Oklahoma City Thunder, 110,127 
2023-01-06,Detroit Pistons,San Antonio Spurs, 109,121 
2023-01-06,LA Clippers,Minnesota Timberwolves, 115,128 
2023-01-06,Cleveland Cavaliers,Denver Nuggets, 108,121 
2023-01-06,Miami Heat,Phoenix Suns, 104,96 
2023-01-06,Atlanta Hawks,Los Angeles Lakers, 114,130 
2023-01-07,Boston Celtics,San Antonio Spurs, 121,116 
2023-01-07,Utah Jazz,Chicago Bulls, 118,126 
2023-01-07,New Orleans Pelicans,Dallas Mavericks, 117,127 
2023-01-07,Orlando Magic,Golden State Warriors, 115,101 
2023-01-07,Los Angeles Lakers,Sacramento Kings, 136,134 
2023-01-08,Philadelphia 76ers,Detroit Pistons, 123,111 
2023-01-08,Portland Trail Blazers,Toronto Raptors, 105,117 
2023-01-08,Charlotte Hornets,Indiana Pacers, 111,116 
2023-01-08,Brooklyn Nets,Miami Heat, 102,101 
2023-01-08,Utah Jazz,Memphis Grizzlies, 118,123 
2023-01-08,Minnesota Timberwolves,Houston Rockets, 104,96 
2023-01-08,Dallas Mavericks,Oklahoma City Thunder, 109,120 
2023-01-08,Cleveland Cavaliers,Phoenix Suns, 112,98 
2023-01-08,Atlanta Hawks,LA Clippers, 112,108 
2023-01-09,New Orleans Pelicans,Washington Wizards, 132,112 
2023-01-09,Chicago Bulls,Boston Celtics, 99,107 
2023-01-09,Milwaukee Bucks,New York Knicks, 111,107 
2023-01-09,San Antonio Spurs,Memphis Grizzlies, 113,121 
2023-01-09,Los Angeles Lakers,Denver Nuggets, 109,122 
2023-01-09,Orlando Magic,Sacramento Kings, 111,136 
2023-01-10,Detroit Pistons,Philadelphia 76ers, 116,147 
2023-01-10,Oklahoma City Thunder,Miami Heat, 111,112 
2023-01-10,Charlotte Hornets,Toronto Raptors, 120,132 
2023-01-10,Cleveland Cavaliers,Utah Jazz, 114,116 
2023-01-10,Phoenix Suns,Golden State Warriors, 125,113 
2023-01-10,Orlando Magic,Portland Trail Blazers, 109,106 
2023-01-10,Dallas Mavericks,LA Clippers, 101,113 
2023-01-11,Minnesota Timberwolves,Detroit Pistons, 118,135 
2023-01-11,Chicago Bulls,Washington Wizards, 97,100 
2023-01-11,Milwaukee Bucks,Atlanta Hawks, 114,105 
2023-01-11,New Orleans Pelicans,Boston Celtics, 114,125 
2023-01-11,Indiana Pacers,New York Knicks, 113,119 
2023-01-11,San Antonio Spurs,Memphis Grizzlies, 129,135 
2023-01-11,Phoenix Suns,Denver Nuggets, 97,126 
2023-01-11,Houston Rockets,Sacramento Kings, 115,135 
2023-01-12,Oklahoma City Thunder,Philadelphia 76ers, 133,114 
2023-01-12,Boston Celtics,Brooklyn Nets, 109,98 
2023-01-12,Milwaukee Bucks,Miami Heat, 102,108 
2023-01-12,Charlotte Hornets,Toronto Raptors, 114,124 
2023-01-12,Dallas Mavericks,Los Angeles Lakers, 119,115 
2023-01-12,Cleveland Cavaliers,Portland Trail Blazers, 119,113 
2023-01-13,New Orleans Pelicans,Detroit Pistons, 116,110 
2023-01-13,Atlanta Hawks,Indiana Pacers, 113,111 
2023-01-13,New York Knicks,Washington Wizards, 112,108 
2023-01-13,Golden State Warriors,San Antonio Spurs, 144,113 
2023-01-13,Oklahoma City Thunder,Chicago Bulls, 124,110 
2023-01-13,Phoenix Suns,Minnesota Timberwolves, 116,121 
2023-01-13,Orlando Magic,Utah Jazz, 108,112 
2023-01-13,Denver Nuggets,LA Clippers, 115,103 
2023-01-13,Houston Rockets,Sacramento Kings, 114,139 
2023-01-14,Milwaukee Bucks,Miami Heat, 95,111 
2023-01-14,Boston Celtics,Charlotte Hornets, 122,106 
2023-01-14,Memphis Grizzlies,Indiana Pacers, 130,112 
2023-01-14,Atlanta Hawks,Toronto Raptors, 114,103 
2023-01-14,Cleveland Cavaliers,Minnesota Timberwolves, 102,110 
2023-01-14,Philadelphia 76ers,Utah Jazz, 118,117 
2023-01-14,Dallas Mavericks,Portland Trail Blazers, 119,136 
2023-01-15,New York Knicks,Detroit Pistons, 117,104 
2023-01-15,Houston Rockets,LA Clippers, 100,121 
2023-01-15,Golden State Warriors,Chicago Bulls, 118,132 
2023-01-15,Oklahoma City Thunder,Brooklyn Nets, 112,102 
2023-01-15,Sacramento Kings,San Antonio Spurs, 132,119 
2023-01-15,Orlando Magic,Denver Nuggets, 116,119 
2023-01-15,Dallas Mavericks,Portland Trail Blazers, 123,140 
2023-01-15,Philadelphia 76ers,Los Angeles Lakers, 113,112 
2023-01-16,Boston Celtics,Charlotte Hornets, 130,118 
2023-01-16,Indiana Pacers,Milwaukee Bucks, 119,132 
2023-01-16,New Orleans Pelicans,Cleveland Cavaliers, 103,113 
2023-01-16,Toronto Raptors,New York Knicks, 123,121 
2023-01-16,Golden State Warriors,Washington Wizards, 127,118 
2023-01-16,Miami Heat,Atlanta Hawks, 113,121 
2023-01-16,Utah Jazz,Minnesota Timberwolves, 126,125 
2023-01-16,Phoenix Suns,Memphis Grizzlies, 106,136 
2023-01-16,Houston Rockets,Los Angeles Lakers, 132,140 
2023-01-17,Toronto Raptors,Milwaukee Bucks, 122,130 
2023-01-17,Brooklyn Nets,San Antonio Spurs, 98,106 
2023-01-17,Portland Trail Blazers,Denver Nuggets, 113,122 
2023-01-17,Philadelphia 76ers,LA Clippers, 120,110 
2023-01-18,Washington Wizards,New York Knicks, 116,105 
2023-01-18,Atlanta Hawks,Dallas Mavericks, 130,122 
2023-01-18,Charlotte Hornets,Houston Rockets, 122,117 
2023-01-18,Cleveland Cavaliers,Memphis Grizzlies, 114,115 
2023-01-18,Miami Heat,New Orleans Pelicans, 124,98 
2023-01-18,Indiana Pacers,Oklahoma City Thunder, 106,126 
2023-01-18,LA Clippers,Utah Jazz, 103,126 
2023-01-18,Minnesota Timberwolves,Denver Nuggets, 118,122 
2023-01-18,Sacramento Kings,Los Angeles Lakers, 116,111 
2023-01-19,Chicago Bulls,Detroit Pistons, 126,108 
2023-01-19,Golden State Warriors,Boston Celtics, 118,121 
2023-01-19,Toronto Raptors,Minnesota Timberwolves, 126,128 
2023-01-19,Brooklyn Nets,Phoenix Suns, 112,117 
2023-01-19,Philadelphia 76ers,Portland Trail Blazers, 105,95 
2023-01-20,New Orleans Pelicans,Orlando Magic, 110,123 
2023-01-20,New York Knicks,Atlanta Hawks, 124,139 
2023-01-20,Golden State Warriors,Cleveland Cavaliers, 120,114 
2023-01-20,Miami Heat,Dallas Mavericks, 90,115 
2023-01-20,LA Clippers,San Antonio Spurs, 131,126 
2023-01-20,Indiana Pacers,Denver Nuggets, 111,134 
2023-01-20,Brooklyn Nets,Utah Jazz, 117,106 
2023-01-20,Memphis Grizzlies,Los Angeles Lakers, 121,122 
2023-01-20,Oklahoma City Thunder,Sacramento Kings, 113,118 
2023-01-21,Boston Celtics,Toronto Raptors, 106,104 
2023-01-21,Orlando Magic,Washington Wizards, 118,138 
2023-01-21,Charlotte Hornets,Atlanta Hawks, 122,118 
2023-01-21,Milwaukee Bucks,Cleveland Cavaliers, 102,114 
2023-01-21,Houston Rockets,Minnesota Timberwolves, 104,113 
2023-01-21,Indiana Pacers,Phoenix Suns, 107,112 
2023-01-21,Philadelphia 76ers,Sacramento Kings, 129,127 
2023-01-22,LA Clippers,Dallas Mavericks, 112,98 
2023-01-22,New Orleans Pelicans,Miami Heat, 96,100 
2023-01-22,New York Knicks,Toronto Raptors, 116,125 
2023-01-22,Oklahoma City Thunder,Denver Nuggets, 101,99 
2023-01-22,Memphis Grizzlies,Phoenix Suns, 110,112 
2023-01-22,Brooklyn Nets,Golden State Warriors, 120,116 
2023-01-22,Los Angeles Lakers,Portland Trail Blazers, 121,112 
2023-01-23,Milwaukee Bucks,Detroit Pistons, 150,130 
2023-01-23,Boston Celtics,Orlando Magic, 98,113 
2023-01-23,Atlanta Hawks,Chicago Bulls, 100,111 
2023-01-23,Minnesota Timberwolves,Houston Rockets, 114,119 
2023-01-23,Charlotte Hornets,Utah Jazz, 102,120 
2023-01-23,San Antonio Spurs,Portland Trail Blazers, 127,147 
2023-01-23,Memphis Grizzlies,Sacramento Kings, 100,133 
2023-01-24,Chicago Bulls,Indiana Pacers, 110,116 
2023-01-24,Boston Celtics,Miami Heat, 95,98 
2023-01-24,Cleveland Cavaliers,New York Knicks, 103,105 
2023-01-24,Denver Nuggets,New Orleans Pelicans, 99,98 
2023-01-24,Washington Wizards,Dallas Mavericks, 127,126 
2023-01-24,Charlotte Hornets,Phoenix Suns, 97,128 
2023-01-24,LA Clippers,Los Angeles Lakers, 133,115 
2023-01-25,Indiana Pacers,Orlando Magic, 120,126 
2023-01-25,Brooklyn Nets,Philadelphia 76ers, 133,137 
2023-01-25,Washington Wizards,Houston Rockets, 108,103 
2023-01-25,Denver Nuggets,Milwaukee Bucks, 99,107 
2023-01-25,Minnesota Timberwolves,New Orleans Pelicans, 111,102 
2023-01-25,Atlanta Hawks,Oklahoma City Thunder, 137,132 
2023-01-25,Memphis Grizzlies,Golden State Warriors, 120,122 
2023-01-25,Utah Jazz,Portland Trail Blazers, 124,134 
2023-01-25,Toronto Raptors,Sacramento Kings, 113,95 
2023-01-25,San Antonio Spurs,Los Angeles Lakers, 104,113 
2023-01-26,New York Knicks,Boston Celtics, 120,117 
2023-01-26,Detroit Pistons,Brooklyn Nets, 130,122 
2023-01-26,Chicago Bulls,Charlotte Hornets, 96,111 
2023-01-26,Cleveland Cavaliers,Houston Rockets, 113,95 
2023-01-26,Dallas Mavericks,Phoenix Suns, 99,95 
2023-01-26,San Antonio Spurs,LA Clippers, 100,138 
2023-01-27,Milwaukee Bucks,Indiana Pacers, 141,131 
2023-01-27,Memphis Grizzlies,Minnesota Timberwolves, 100,111 
2023-01-27,Orlando Magic,Miami Heat, 105,110 
2023-01-27,Cleveland Cavaliers,Oklahoma City Thunder, 100,112 
2023-01-27,Toronto Raptors,Golden State Warriors, 117,129 
2023-01-28,Denver Nuggets,Philadelphia 76ers, 119,126 
2023-01-28,New York Knicks,Brooklyn Nets, 115,122 
2023-01-28,Houston Rockets,Detroit Pistons, 117,114 
2023-01-28,Chicago Bulls,Orlando Magic, 128,109 
2023-01-28,LA Clippers,Atlanta Hawks, 120,113 
2023-01-28,Sacramento Kings,Minnesota Timberwolves, 110,117 
2023-01-28,Washington Wizards,New Orleans Pelicans, 113,103 
2023-01-28,Phoenix Suns,San Antonio Spurs, 128,118 
2023-01-28,Los Angeles Lakers,Boston Celtics, 121,125 
2023-01-28,Dallas Mavericks,Utah Jazz, 100,108 
2023-01-28,Toronto Raptors,Portland Trail Blazers, 123,105 
2023-01-29,Miami Heat,Charlotte Hornets, 117,122 
2023-01-29,Indiana Pacers,Memphis Grizzlies, 100,112 
2023-01-29,LA Clippers,Cleveland Cavaliers, 99,122 
2023-01-29,New Orleans Pelicans,Milwaukee Bucks, 110,135 
2023-01-30,Orlando Magic,Philadelphia 76ers, 119,109 
2023-01-30,Los Angeles Lakers,Brooklyn Nets, 104,121 
2023-01-30,Sacramento Kings,Minnesota Timberwolves, 118,111 
2023-01-30,Golden State Warriors,Oklahoma City Thunder, 128,120 
2023-01-30,Washington Wizards,San Antonio Spurs, 127,106 
2023-01-30,Detroit Pistons,Dallas Mavericks, 105,111 
2023-01-30,Toronto Raptors,Phoenix Suns, 106,114 
2023-01-30,Atlanta Hawks,Portland Trail Blazers, 125,129 
2023-01-31,Miami Heat,Cleveland Cavaliers, 100,97 
2023-01-31,Los Angeles Lakers,New York Knicks, 129,123 
2023-01-31,LA Clippers,Chicago Bulls, 108,103 
2023-01-31,Charlotte Hornets,Milwaukee Bucks, 115,124 
2023-01-31,New Orleans Pelicans,Denver Nuggets, 113,122 
2023-02-01,Orlando Magic,Philadelphia 76ers, 94,105 
2023-02-01,Portland Trail Blazers,Memphis Grizzlies, 122,112 
2023-02-01,Brooklyn Nets,Boston Celtics, 96,139 
2023-02-01,Oklahoma City Thunder,Houston Rockets, 106,112 
2023-02-01,Golden State Warriors,Minnesota Timberwolves, 114,119 
2023-02-01,Sacramento Kings,San Antonio Spurs, 119,109 
2023-02-01,Toronto Raptors,Utah Jazz, 128,131 
2023-02-01,Atlanta Hawks,Phoenix Suns, 132,100 
2023-02-02,Los Angeles Lakers,Indiana Pacers, 112,111 
2023-02-02,Memphis Grizzlies,Cleveland Cavaliers, 113,128 
2023-02-02,Miami Heat,New York Knicks, 104,106 
2023-02-02,Charlotte Hornets,Chicago Bulls, 98,114 
2023-02-02,New Orleans Pelicans,Dallas Mavericks, 106,111 
2023-02-02,Golden State Warriors,Denver Nuggets, 117,134 
2023-02-02,LA Clippers,Milwaukee Bucks, 105,106 
2023-02-03,Charlotte Hornets,Detroit Pistons, 112,118 
2023-02-03,Sacramento Kings,Indiana Pacers, 104,107 
2023-02-03,Portland Trail Blazers,Washington Wizards, 124,116 
2023-02-03,Phoenix Suns,Boston Celtics, 106,94 
2023-02-03,Toronto Raptors,Houston Rockets, 117,111 
2023-02-03,Orlando Magic,Minnesota Timberwolves, 127,120 
2023-02-03,Philadelphia 76ers,San Antonio Spurs, 137,125 
2023-02-03,Atlanta Hawks,Utah Jazz, 115,108 
2023-02-04,Washington Wizards,Brooklyn Nets, 123,125 
2023-02-04,Los Angeles Lakers,New Orleans Pelicans, 126,131 
2023-02-04,Phoenix Suns,Detroit Pistons, 116,100 
2023-02-04,LA Clippers,New York Knicks, 134,128 
2023-02-04,Portland Trail Blazers,Chicago Bulls, 121,129 
2023-02-04,Miami Heat,Milwaukee Bucks, 115,123 
2023-02-04,Houston Rockets,Oklahoma City Thunder, 121,153 
2023-02-04,Dallas Mavericks,Golden State Warriors, 113,119 
2023-02-04,Atlanta Hawks,Denver Nuggets, 108,128 
2023-02-05,Orlando Magic,Charlotte Hornets, 119,113 
2023-02-05,Cleveland Cavaliers,Indiana Pacers, 122,103 
2023-02-05,Philadelphia 76ers,New York Knicks, 97,108 
2023-02-05,Toronto Raptors,Memphis Grizzlies, 106,103 
2023-02-05,Denver Nuggets,Minnesota Timberwolves, 98,128 
2023-02-05,Sacramento Kings,New Orleans Pelicans, 104,136 
2023-02-06,Boston Celtics,Detroit Pistons, 111,99 
2023-02-06,Cleveland Cavaliers,Washington Wizards, 114,91 
2023-02-06,LA Clippers,Brooklyn Nets, 124,116 
2023-02-06,San Antonio Spurs,Chicago Bulls, 104,128 
2023-02-06,Sacramento Kings,Houston Rockets, 140,120 
2023-02-06,Dallas Mavericks,Utah Jazz, 124,111 
2023-02-06,Oklahoma City Thunder,Golden State Warriors, 114,141 
2023-02-06,Milwaukee Bucks,Portland Trail Blazers, 127,108 
2023-02-07,New York Knicks,Orlando Magic, 102,98 
2023-02-07,Phoenix Suns,Brooklyn Nets, 116,112 
2023-02-07,Atlanta Hawks,New Orleans Pelicans, 107,116 
2023-02-07,Chicago Bulls,Memphis Grizzlies, 89,104 
2023-02-07,Minnesota Timberwolves,Denver Nuggets, 112,146 
2023-02-07,Oklahoma City Thunder,Los Angeles Lakers, 133,130 
2023-02-08,Detroit Pistons,Cleveland Cavaliers, 85,113 
2023-02-08,Charlotte Hornets,Washington Wizards, 104,118 
2023-02-08,Philadelphia 76ers,Boston Celtics, 99,106 
2023-02-08,Indiana Pacers,Miami Heat, 111,116 
2023-02-08,San Antonio Spurs,Toronto Raptors, 98,112 
2023-02-08,Sacramento Kings,Houston Rockets, 130,128 
2023-02-08,Minnesota Timberwolves,Utah Jazz, 143,118 
2023-02-08,Dallas Mavericks,LA Clippers, 110,104 
2023-02-08,Golden State Warriors,Portland Trail Blazers, 122,125 
2023-02-09,Denver Nuggets,Orlando Magic, 104,115 
2023-02-09,Phoenix Suns,Atlanta Hawks, 107,116 
2023-02-09,Chicago Bulls,Brooklyn Nets, 105,116 
2023-02-09,Milwaukee Bucks,Los Angeles Lakers, 115,106 
2023-02-10,San Antonio Spurs,Detroit Pistons, 131,138 
2023-02-10,Phoenix Suns,Indiana Pacers, 117,104 
2023-02-10,New York Knicks,Philadelphia 76ers, 108,119 
2023-02-10,Charlotte Hornets,Boston Celtics, 116,127 
2023-02-10,Utah Jazz,Toronto Raptors, 122,116 
2023-02-10,Houston Rockets,Miami Heat, 95,97 
2023-02-10,Minnesota Timberwolves,Memphis Grizzlies, 107,128 
2023-02-10,Cleveland Cavaliers,New Orleans Pelicans, 118,107 
2023-02-10,Oklahoma City Thunder,Portland Trail Blazers, 138,129 
2023-02-10,Dallas Mavericks,Sacramento Kings, 122,114 
2023-02-10,Milwaukee Bucks,LA Clippers, 119,106 
2023-02-11,Philadelphia 76ers,Brooklyn Nets, 101,98 
2023-02-11,Denver Nuggets,Charlotte Hornets, 119,105 
2023-02-11,Miami Heat,Orlando Magic, 107,103 
2023-02-11,Indiana Pacers,Washington Wizards, 113,127 
2023-02-11,San Antonio Spurs,Atlanta Hawks, 106,125 
2023-02-11,Utah Jazz,New York Knicks, 120,126 
2023-02-11,Chicago Bulls,Cleveland Cavaliers, 89,97 
2023-02-11,Los Angeles Lakers,Golden State Warriors, 109,103 
2023-02-11,Dallas Mavericks,Sacramento Kings, 128,133 
2023-02-12,Memphis Grizzlies,Boston Celtics, 109,119 
2023-02-12,Detroit Pistons,Toronto Raptors, 118,119 
2023-02-13,Atlanta Hawks,Charlotte Hornets, 138,144 
2023-02-13,San Antonio Spurs,Cleveland Cavaliers, 109,117 
2023-02-13,Utah Jazz,Indiana Pacers, 123,117 
2023-02-13,Houston Rockets,Philadelphia 76ers, 104,123 
2023-02-13,Denver Nuggets,Miami Heat, 112,108 
2023-02-13,Brooklyn Nets,New York Knicks, 106,124 
2023-02-13,Orlando Magic,Chicago Bulls, 100,91 
2023-02-13,New Orleans Pelicans,Oklahoma City Thunder, 103,100 
2023-02-13,Minnesota Timberwolves,Dallas Mavericks, 124,121 
2023-02-13,Washington Wizards,Golden State Warriors, 126,135 
2023-02-13,Los Angeles Lakers,Portland Trail Blazers, 115,127 
2023-02-14,Orlando Magic,Toronto Raptors, 113,123 
2023-02-14,Boston Celtics,Milwaukee Bucks, 125,131 
2023-02-14,Sacramento Kings,Phoenix Suns, 109,120 
2023-02-14,Golden State Warriors,LA Clippers, 124,134 
2023-02-14,Washington Wizards,Portland Trail Blazers, 126,101 
2023-02-15,San Antonio Spurs,Charlotte Hornets, 110,120 
2023-02-15,Chicago Bulls,Indiana Pacers, 113,117 
2023-02-15,Cleveland Cavaliers,Philadelphia 76ers, 112,118 
2023-02-15,New York Knicks,Atlanta Hawks, 122,101 
2023-02-15,Detroit Pistons,Boston Celtics, 109,127 
2023-02-15,Miami Heat,Brooklyn Nets, 105,116 
2023-02-15,Utah Jazz,Memphis Grizzlies, 111,117 
2023-02-15,Houston Rockets,Oklahoma City Thunder, 96,133 
2023-02-15,Dallas Mavericks,Denver Nuggets, 109,118 
2023-02-15,New Orleans Pelicans,Los Angeles Lakers, 102,120 
2023-02-16,Milwaukee Bucks,Chicago Bulls, 112,100 
2023-02-16,Washington Wizards,Minnesota Timberwolves, 114,106 
2023-02-16,LA Clippers,Phoenix Suns, 116,107 
2023-02-23,Denver Nuggets,Cleveland Cavaliers, 115,109 
2023-02-23,Boston Celtics,Indiana Pacers, 142,138 
2023-02-23,Detroit Pistons,Orlando Magic, 106,108 
2023-02-23,Memphis Grizzlies,Philadelphia 76ers, 105,110 
2023-02-23,New Orleans Pelicans,Toronto Raptors, 110,115 
2023-02-23,San Antonio Spurs,Dallas Mavericks, 116,142 
2023-02-23,Oklahoma City Thunder,Utah Jazz, 119,120 
2023-02-23,Golden State Warriors,Los Angeles Lakers, 111,124 
2023-02-23,Portland Trail Blazers,Sacramento Kings, 116,133 
2023-02-24,New York Knicks,Washington Wizards, 115,109 
2023-02-24,Cleveland Cavaliers,Atlanta Hawks, 119,136 
2023-02-24,Miami Heat,Milwaukee Bucks, 99,128 
2023-02-24,Charlotte Hornets,Minnesota Timberwolves, 121,113 
2023-02-24,Brooklyn Nets,Chicago Bulls, 87,131 
2023-02-24,Oklahoma City Thunder,Phoenix Suns, 115,124 
2023-02-24,Houston Rockets,Golden State Warriors, 101,116 
2023-02-24,Sacramento Kings,LA Clippers, 176,175 
2023-02-25,Toronto Raptors,Detroit Pistons, 95,91 
2023-02-25,Miami Heat,Charlotte Hornets, 103,108 
2023-02-25,Indiana Pacers,Orlando Magic, 121,108 
2023-02-25,New Orleans Pelicans,New York Knicks, 106,128 
2023-02-25,Denver Nuggets,Memphis Grizzlies, 94,112 
2023-02-25,Boston Celtics,Philadelphia 76ers, 110,107 
2023-02-25,San Antonio Spurs,Utah Jazz, 102,118 
2023-02-26,Phoenix Suns,Milwaukee Bucks, 101,104 
2023-02-26,Brooklyn Nets,Atlanta Hawks, 127,129 
2023-02-26,Washington Wizards,Chicago Bulls, 82,102 
2023-02-26,Los Angeles Lakers,Dallas Mavericks, 111,108 
2023-02-26,Toronto Raptors,Cleveland Cavaliers, 93,118 
2023-02-26,Sacramento Kings,Oklahoma City Thunder, 124,115 
2023-02-26,Minnesota Timberwolves,Golden State Warriors, 104,109 
2023-02-26,Houston Rockets,Portland Trail Blazers, 114,131 
2023-02-26,LA Clippers,Denver Nuggets, 124,134 
2023-02-27,Detroit Pistons,Charlotte Hornets, 106,117 
2023-02-27,Miami Heat,Philadelphia 76ers, 101,99 
2023-02-27,Boston Celtics,New York Knicks, 94,109 
2023-02-27,Orlando Magic,New Orleans Pelicans, 101,93 
2023-02-28,Washington Wizards,Atlanta Hawks, 119,116 
2023-02-28,Milwaukee Bucks,Brooklyn Nets, 118,104 
2023-02-28,Chicago Bulls,Toronto Raptors, 98,104 
2023-02-28,Los Angeles Lakers,Memphis Grizzlies, 109,121 
2023-02-28,Denver Nuggets,Houston Rockets, 133,112 
2023-02-28,Sacramento Kings,Oklahoma City Thunder, 123,117 
2023-02-28,Indiana Pacers,Dallas Mavericks, 124,122 
2023-02-28,San Antonio Spurs,Utah Jazz, 102,94 
2023-02-28,Portland Trail Blazers,Golden State Warriors, 105,123 
2023-02-28,Minnesota Timberwolves,LA Clippers, 108,101 
2023-03-01,Phoenix Suns,Charlotte Hornets, 105,91 
2023-03-01,Chicago Bulls,Detroit Pistons, 117,115 
2023-03-01,Cleveland Cavaliers,Boston Celtics, 113,117 
2023-03-01,Philadelphia 76ers,Miami Heat, 119,96 
2023-03-01,Brooklyn Nets,New York Knicks, 118,142 
2023-03-01,Memphis Grizzlies,Houston Rockets, 113,99 
2023-03-01,Orlando Magic,Milwaukee Bucks, 117,139 
2023-03-01,Los Angeles Lakers,Oklahoma City Thunder, 123,117 
2023-03-01,New Orleans Pelicans,Portland Trail Blazers, 121,110 
2023-03-02,Toronto Raptors,Washington Wizards, 108,119 
2023-03-02,Philadelphia 76ers,Dallas Mavericks, 126,133 
2023-03-02,Indiana Pacers,San Antonio Spurs, 99,110 
2023-03-02,LA Clippers,Golden State Warriors, 91,115 
2023-03-03,Orlando Magic,Charlotte Hornets, 117,106 
2023-03-03,Portland Trail Blazers,Atlanta Hawks, 111,129 
2023-03-03,Brooklyn Nets,Boston Celtics, 115,105 
2023-03-03,New York Knicks,Miami Heat, 122,120 
2023-03-03,Phoenix Suns,Chicago Bulls, 125,104 
2023-03-03,Utah Jazz,Oklahoma City Thunder, 103,130 
2023-03-03,Memphis Grizzlies,Denver Nuggets, 97,113 
2023-03-03,New Orleans Pelicans,Golden State Warriors, 99,108 
2023-03-03,LA Clippers,Sacramento Kings, 127,128 
2023-03-03,Minnesota Timberwolves,Los Angeles Lakers, 110,102 
2023-03-04,Toronto Raptors,Washington Wizards, 116,109 
2023-03-04,Detroit Pistons,Cleveland Cavaliers, 90,114 
2023-03-04,Atlanta Hawks,Miami Heat, 109,117 
2023-03-04,Houston Rockets,San Antonio Spurs, 122,110 
2023-03-04,Philadelphia 76ers,Milwaukee Bucks, 133,130 
2023-03-04,Minnesota Timberwolves,Sacramento Kings, 138,134 
2023-03-05,Phoenix Suns,Dallas Mavericks, 130,126 
2023-03-05,Indiana Pacers,Chicago Bulls, 125,122 
2023-03-05,Golden State Warriors,Los Angeles Lakers, 105,113 
2023-03-05,Charlotte Hornets,Brooklyn Nets, 86,102 
2023-03-05,Portland Trail Blazers,Orlando Magic, 122,119 
2023-03-05,San Antonio Spurs,Houston Rockets, 110,142 
2023-03-05,Utah Jazz,Oklahoma City Thunder, 119,129 
2023-03-05,New York Knicks,Boston Celtics, 131,129 
2023-03-05,Milwaukee Bucks,Washington Wizards, 117,111 
2023-03-05,Memphis Grizzlies,LA Clippers, 129,135 
2023-03-06,Boston Celtics,Cleveland Cavaliers, 114,118 
2023-03-06,Philadelphia 76ers,Indiana Pacers, 147,143 
2023-03-06,Portland Trail Blazers,Detroit Pistons, 110,104 
2023-03-06,Atlanta Hawks,Miami Heat, 128,130 
2023-03-06,Toronto Raptors,Denver Nuggets, 113,118 
2023-03-06,New Orleans Pelicans,Sacramento Kings, 108,123 
2023-03-07,Washington Wizards,Detroit Pistons, 119,117 
2023-03-07,Milwaukee Bucks,Orlando Magic, 134,123 
2023-03-07,Charlotte Hornets,New York Knicks, 112,105 
2023-03-07,Philadelphia 76ers,Minnesota Timberwolves, 117,94 
2023-03-07,Brooklyn Nets,Houston Rockets, 118,96 
2023-03-07,Golden State Warriors,Oklahoma City Thunder, 128,137 
2023-03-07,Utah Jazz,Dallas Mavericks, 116,120 
2023-03-07,Memphis Grizzlies,Los Angeles Lakers, 103,112 
2023-03-08,Atlanta Hawks,Washington Wizards, 122,120 
2023-03-08,Portland Trail Blazers,Boston Celtics, 93,115 
2023-03-08,Cleveland Cavaliers,Miami Heat, 104,100 
2023-03-08,Dallas Mavericks,New Orleans Pelicans, 106,113 
2023-03-08,Chicago Bulls,Denver Nuggets, 117,96 
2023-03-08,Oklahoma City Thunder,Phoenix Suns, 101,132 
2023-03-08,Toronto Raptors,LA Clippers, 100,108 
2023-03-09,Charlotte Hornets,Detroit Pistons, 113,103 
2023-03-09,Houston Rockets,Indiana Pacers, 125,134 
2023-03-09,Utah Jazz,Orlando Magic, 131,124 
2023-03-09,Golden State Warriors,Memphis Grizzlies, 110,131 
2023-03-09,Brooklyn Nets,Milwaukee Bucks, 113,118 
2023-03-09,New York Knicks,Sacramento Kings, 117,122 
2023-03-10,Portland Trail Blazers,Philadelphia 76ers, 119,120 
2023-03-10,Atlanta Hawks,Washington Wizards, 114,107 
2023-03-10,Cleveland Cavaliers,Miami Heat, 115,119 
2023-03-10,Brooklyn Nets,Minnesota Timberwolves, 124,123 
2023-03-10,Denver Nuggets,San Antonio Spurs, 120,128 
2023-03-10,Toronto Raptors,Los Angeles Lakers, 112,122 
2023-03-11,New York Knicks,LA Clippers, 95,106 
2023-03-11,Utah Jazz,Charlotte Hornets, 119,111 
2023-03-11,Indiana Pacers,Detroit Pistons, 121,115 
2023-03-11,Miami Heat,Orlando Magic, 114,126 
2023-03-11,Boston Celtics,Atlanta Hawks, 134,125 
2023-03-11,Chicago Bulls,Houston Rockets, 119,111 
2023-03-11,Dallas Mavericks,Memphis Grizzlies, 108,112 
2023-03-11,Oklahoma City Thunder,New Orleans Pelicans, 110,96 
2023-03-11,Milwaukee Bucks,Golden State Warriors, 116,125 
2023-03-11,Sacramento Kings,Phoenix Suns, 128,119 
2023-03-12,Brooklyn Nets,Denver Nuggets, 122,120 
2023-03-12,Cleveland Cavaliers,Charlotte Hornets, 114,108 
2023-03-12,Washington Wizards,Philadelphia 76ers, 93,112 
2023-03-12,Portland Trail Blazers,New Orleans Pelicans, 110,127 
2023-03-12,Oklahoma City Thunder,San Antonio Spurs, 102,90 
2023-03-12,New York Knicks,Los Angeles Lakers, 112,108 
2023-03-13,Indiana Pacers,Detroit Pistons, 97,117 
2023-03-13,Minnesota Timberwolves,Atlanta Hawks, 136,115 
2023-03-13,Utah Jazz,Miami Heat, 115,119 
2023-03-13,Memphis Grizzlies,Dallas Mavericks, 104,88 
2023-03-13,Boston Celtics,Houston Rockets, 109,111 
2023-03-13,Phoenix Suns,Golden State Warriors, 112,123 
2023-03-13,Milwaukee Bucks,Sacramento Kings, 133,124 
2023-03-14,Cleveland Cavaliers,Charlotte Hornets, 120,104 
2023-03-14,Detroit Pistons,Washington Wizards, 97,117 
2023-03-14,Denver Nuggets,Toronto Raptors, 110,125 
2023-03-14,Los Angeles Lakers,New Orleans Pelicans, 123,108 
2023-03-14,Brooklyn Nets,Oklahoma City Thunder, 107,121 
2023-03-14,Orlando Magic,San Antonio Spurs, 114,132 
2023-03-14,Milwaukee Bucks,Phoenix Suns, 116,104 
2023-03-14,New York Knicks,Portland Trail Blazers, 123,107 
2023-03-15,Philadelphia 76ers,Cleveland Cavaliers, 118,109 
2023-03-15,Memphis Grizzlies,Miami Heat, 119,138 
2023-03-15,Sacramento Kings,Chicago Bulls, 117,114 
2023-03-15,Los Angeles Lakers,Houston Rockets, 110,114 
2023-03-15,Boston Celtics,Minnesota Timberwolves, 104,102 
2023-03-15,Dallas Mavericks,San Antonio Spurs, 137,128 
2023-03-15,Golden State Warriors,LA Clippers, 126,134 
2023-03-16,Denver Nuggets,Detroit Pistons, 119,100 
2023-03-16,Sacramento Kings,Brooklyn Nets, 101,96 
2023-03-16,Oklahoma City Thunder,Toronto Raptors, 111,128 
2023-03-16,Indiana Pacers,Milwaukee Bucks, 139,123 
2023-03-16,Orlando Magic,Phoenix Suns, 113,116 
2023-03-17,Philadelphia 76ers,Charlotte Hornets, 121,82 
2023-03-17,Golden State Warriors,Atlanta Hawks, 119,127 
2023-03-17,Washington Wizards,Cleveland Cavaliers, 94,117 
2023-03-17,Minnesota Timberwolves,Chicago Bulls, 131,139 
2023-03-17,New Orleans Pelicans,Houston Rockets, 112,114 
2023-03-17,Memphis Grizzlies,San Antonio Spurs, 126,120 
2023-03-17,Boston Celtics,Portland Trail Blazers, 126,112 
2023-03-17,Dallas Mavericks,Los Angeles Lakers, 111,110 
2023-03-18,Denver Nuggets,New York Knicks, 110,116 
2023-03-18,Orlando Magic,LA Clippers, 113,108 
2023-03-18,Philadelphia 76ers,Indiana Pacers, 141,121 
2023-03-18,Minnesota Timberwolves,Toronto Raptors, 107,122 
2023-03-18,Sacramento Kings,Washington Wizards, 132,118 
2023-03-18,Miami Heat,Chicago Bulls, 99,113 
2023-03-18,Golden State Warriors,Memphis Grizzlies, 119,133 
2023-03-18,Boston Celtics,Utah Jazz, 117,118 
2023-03-19,Denver Nuggets,Brooklyn Nets, 108,102 
2023-03-19,Phoenix Suns,Oklahoma City Thunder, 120,124 
2023-03-19,Atlanta Hawks,San Antonio Spurs, 118,126 
2023-03-19,Miami Heat,Detroit Pistons, 112,100 
2023-03-19,New Orleans Pelicans,Houston Rockets, 117,107 
2023-03-19,Toronto Raptors,Milwaukee Bucks, 111,118 
2023-03-19,LA Clippers,Portland Trail Blazers, 117,102 
2023-03-19,Orlando Magic,Los Angeles Lakers, 105,111 
2023-03-20,Indiana Pacers,Charlotte Hornets, 109,115 
2023-03-20,Chicago Bulls,Philadelphia 76ers, 109,105 
2023-03-20,Minnesota Timberwolves,New York Knicks, 140,134 
2023-03-20,Golden State Warriors,Houston Rockets, 121,108 
2023-03-20,Dallas Mavericks,Memphis Grizzlies, 108,112 
2023-03-20,Sacramento Kings,Utah Jazz, 120,128 
2023-03-21,Washington Wizards,Orlando Magic, 112,122 
2023-03-21,Detroit Pistons,Atlanta Hawks, 107,129 
2023-03-21,Cleveland Cavaliers,Brooklyn Nets, 115,109 
2023-03-21,San Antonio Spurs,New Orleans Pelicans, 84,119 
2023-03-21,Boston Celtics,Sacramento Kings, 132,109 
2023-03-21,Oklahoma City Thunder,LA Clippers, 101,100 
2023-03-22,Denver Nuggets,Washington Wizards, 118,104 
2023-03-22,New York Knicks,Miami Heat, 120,127 
2023-03-22,Indiana Pacers,Toronto Raptors, 118,114 
2023-03-22,Golden State Warriors,Dallas Mavericks, 127,125 
2023-03-22,Philadelphia 76ers,Chicago Bulls, 116,91 
2023-03-22,Houston Rockets,Memphis Grizzlies, 125,130 
2023-03-22,San Antonio Spurs,Milwaukee Bucks, 94,130 
2023-03-22,Atlanta Hawks,Minnesota Timberwolves, 124,125 
2023-03-22,Portland Trail Blazers,Utah Jazz, 127,115 
2023-03-22,Phoenix Suns,Los Angeles Lakers, 111,122 
2023-03-23,New York Knicks,Orlando Magic, 106,111 
2023-03-23,Cleveland Cavaliers,Brooklyn Nets, 116,114 
2023-03-23,Charlotte Hornets,New Orleans Pelicans, 96,115 
2023-03-23,Oklahoma City Thunder,LA Clippers, 105,127 
2023-03-24,Indiana Pacers,Boston Celtics, 95,120 
2023-03-24,San Antonio Spurs,Washington Wizards, 124,136 
2023-03-24,Detroit Pistons,Toronto Raptors, 97,118 
2023-03-24,Houston Rockets,Memphis Grizzlies, 114,151 
2023-03-24,Charlotte Hornets,Dallas Mavericks, 117,109 
2023-03-24,Milwaukee Bucks,Utah Jazz, 144,116 
2023-03-24,Philadelphia 76ers,Golden State Warriors, 112,120 
2023-03-24,Chicago Bulls,Portland Trail Blazers, 124,96 
2023-03-24,Phoenix Suns,Sacramento Kings, 127,135 
2023-03-24,Oklahoma City Thunder,Los Angeles Lakers, 111,116 
2023-03-25,Indiana Pacers,Atlanta Hawks, 130,143 
2023-03-25,Brooklyn Nets,Miami Heat, 129,100 
2023-03-25,Milwaukee Bucks,Denver Nuggets, 106,129 
2023-03-25,Philadelphia 76ers,Phoenix Suns, 105,125 
2023-03-25,Utah Jazz,Sacramento Kings, 113,121 
2023-03-25,New Orleans Pelicans,LA Clippers, 131,110 
2023-03-26,Dallas Mavericks,Charlotte Hornets, 104,110 
2023-03-26,Chicago Bulls,Los Angeles Lakers, 118,108 
2023-03-26,Memphis Grizzlies,Atlanta Hawks, 123,119 
2023-03-26,San Antonio Spurs,Boston Celtics, 93,137 
2023-03-26,Houston Rockets,Cleveland Cavaliers, 91,108 
2023-03-26,Brooklyn Nets,Orlando Magic, 106,119 
2023-03-26,Washington Wizards,Toronto Raptors, 104,114 
2023-03-26,Oklahoma City Thunder,Portland Trail Blazers, 118,112 
2023-03-26,Minnesota Timberwolves,Golden State Warriors, 99,96 
2023-03-27,Milwaukee Bucks,Detroit Pistons, 126,117 
2023-03-27,Dallas Mavericks,Indiana Pacers, 127,104 
2023-03-27,Houston Rockets,New York Knicks, 115,137 
2023-03-27,Phoenix Suns,Utah Jazz, 117,103 
2023-03-27,Philadelphia 76ers,Denver Nuggets, 111,116 
2023-03-27,New Orleans Pelicans,Portland Trail Blazers, 124,90 
2023-03-27,Minnesota Timberwolves,Sacramento Kings, 119,115 
2023-03-27,Chicago Bulls,LA Clippers, 112,124 
2023-03-28,Boston Celtics,Washington Wizards, 111,130 
2023-03-28,Cleveland Cavaliers,Atlanta Hawks, 118,120 
2023-03-28,Miami Heat,Toronto Raptors, 92,106 
2023-03-28,Orlando Magic,Memphis Grizzlies, 108,113 
2023-03-28,Charlotte Hornets,Oklahoma City Thunder, 137,134 
2023-03-28,New Orleans Pelicans,Golden State Warriors, 109,120 
2023-03-29,Milwaukee Bucks,Indiana Pacers, 149,136 
2023-03-29,Houston Rockets,Brooklyn Nets, 114,123 
2023-03-29,Miami Heat,New York Knicks, 92,101 
2023-03-29,Dallas Mavericks,Philadelphia 76ers, 108,116 
2023-03-29,Los Angeles Lakers,Chicago Bulls, 121,110 
2023-03-29,LA Clippers,Memphis Grizzlies, 141,132 
2023-03-29,Detroit Pistons,Oklahoma City Thunder, 106,107 
2023-03-29,Utah Jazz,San Antonio Spurs, 128,117 
2023-03-29,Minnesota Timberwolves,Phoenix Suns, 100,107 
2023-03-29,Sacramento Kings,Portland Trail Blazers, 120,80 
2023-03-30,Boston Celtics,Milwaukee Bucks, 140,99 
2023-03-30,New Orleans Pelicans,Denver Nuggets, 107,88 
2023-03-31,Chicago Bulls,Charlotte Hornets, 121,91 
2023-03-31,Oklahoma City Thunder,Indiana Pacers, 117,121 
2023-03-31,Toronto Raptors,Philadelphia 76ers, 110,117 
2023-03-31,Orlando Magic,Washington Wizards, 116,109 
2023-03-31,Utah Jazz,Boston Celtics, 114,122 
2023-03-31,Atlanta Hawks,Brooklyn Nets, 107,124 
2023-03-31,New York Knicks,Cleveland Cavaliers, 130,116 
2023-03-31,Detroit Pistons,Houston Rockets, 115,121 
2023-03-31,LA Clippers,Memphis Grizzlies, 94,108 
2023-03-31,Los Angeles Lakers,Minnesota Timberwolves, 123,111 
2023-03-31,San Antonio Spurs,Golden State Warriors, 115,130 
2023-03-31,Sacramento Kings,Portland Trail Blazers, 138,114 
2023-03-31,Denver Nuggets,Phoenix Suns, 93,100 
2023-04-01,Dallas Mavericks,Miami Heat, 122,129 
2023-04-01,LA Clippers,New Orleans Pelicans, 114,122 
2023-04-02,Toronto Raptors,Charlotte Hornets, 128,108 
2023-04-02,Utah Jazz,Brooklyn Nets, 110,111 
2023-04-02,Memphis Grizzlies,Chicago Bulls, 107,128 
2023-04-02,Portland Trail Blazers,Minnesota Timberwolves, 107,105 
2023-04-02,Dallas Mavericks,Atlanta Hawks, 130,132 
2023-04-02,Washington Wizards,New York Knicks, 109,118 
2023-04-02,Detroit Pistons,Orlando Magic, 102,128 
2023-04-02,San Antonio Spurs,Sacramento Kings, 142,134 
2023-04-02,Los Angeles Lakers,Houston Rockets, 134,109 
2023-04-02,Phoenix Suns,Oklahoma City Thunder, 128,118 
2023-04-02,Indiana Pacers,Cleveland Cavaliers, 105,115 
2023-04-02,Philadelphia 76ers,Milwaukee Bucks, 104,117 
2023-04-02,Golden State Warriors,Denver Nuggets, 110,112 
2023-04-04,Toronto Raptors,Charlotte Hornets, 120,100 
2023-04-04,Miami Heat,Detroit Pistons, 118,105 
2023-04-04,Cleveland Cavaliers,Orlando Magic, 117,113 
2023-04-04,Milwaukee Bucks,Washington Wizards, 140,128 
2023-04-04,Minnesota Timberwolves,Brooklyn Nets, 107,102 
2023-04-04,Boston Celtics,Philadelphia 76ers, 101,103 
2023-04-04,Atlanta Hawks,Chicago Bulls, 123,105 
2023-04-04,Denver Nuggets,Houston Rockets, 103,124 
2023-04-04,Portland Trail Blazers,Memphis Grizzlies, 109,119 
2023-04-04,Sacramento Kings,New Orleans Pelicans, 121,103 
2023-04-04,Los Angeles Lakers,Utah Jazz, 135,133 
2023-04-04,Oklahoma City Thunder,Golden State Warriors, 125,136 
2023-04-04,San Antonio Spurs,Phoenix Suns, 94,115 
2023-04-05,Brooklyn Nets,Detroit Pistons, 123,108 
2023-04-05,New York Knicks,Indiana Pacers, 138,129 
2023-04-05,Washington Wizards,Atlanta Hawks, 116,134 
2023-04-05,Toronto Raptors,Boston Celtics, 93,97 
2023-04-05,Chicago Bulls,Milwaukee Bucks, 92,105 
2023-04-05,Memphis Grizzlies,New Orleans Pelicans, 131,138 
2023-04-05,Sacramento Kings,Dallas Mavericks, 119,123 
2023-04-05,Los Angeles Lakers,LA Clippers, 118,125 
2023-04-06,Cleveland Cavaliers,Orlando Magic, 118,94 
2023-04-06,Miami Heat,Philadelphia 76ers, 129,101 
2023-04-06,Portland Trail Blazers,San Antonio Spurs, 127,129 
2023-04-06,Oklahoma City Thunder,Utah Jazz, 114,98 
2023-04-06,Denver Nuggets,Phoenix Suns, 115,119 
2023-04-07,Houston Rockets,Charlotte Hornets, 112,109 
2023-04-07,Detroit Pistons,Indiana Pacers, 122,115 
2023-04-07,Miami Heat,Washington Wizards, 108,114 
2023-04-07,Philadelphia 76ers,Atlanta Hawks, 136,131 
2023-04-07,Toronto Raptors,Boston Celtics, 102,121 
2023-04-07,Orlando Magic,Brooklyn Nets, 84,101 
2023-04-07,Memphis Grizzlies,Milwaukee Bucks, 137,114 
2023-04-07,New York Knicks,New Orleans Pelicans, 105,113 
2023-04-07,Chicago Bulls,Dallas Mavericks, 115,112 
2023-04-07,Golden State Warriors,Sacramento Kings, 119,97 
2023-04-07,Phoenix Suns,Los Angeles Lakers, 107,121 
2023-04-08,Denver Nuggets,Utah Jazz, 114,118 
2023-04-08,Minnesota Timberwolves,San Antonio Spurs, 151,131 
2023-04-08,Portland Trail Blazers,LA Clippers, 125,136 
2023-04-09,Atlanta Hawks,Boston Celtics, 114,120 
2023-04-09,Philadelphia 76ers,Brooklyn Nets, 134,105 
2023-04-09,Charlotte Hornets,Cleveland Cavaliers, 106,95 
2023-04-09,Orlando Magic,Miami Heat, 110,123 
2023-04-09,Indiana Pacers,New York Knicks, 141,136 
2023-04-09,Milwaukee Bucks,Toronto Raptors, 105,121 
2023-04-09,Houston Rockets,Washington Wizards, 114,109 
2023-04-09,Detroit Pistons,Chicago Bulls, 81,103 
2023-04-09,San Antonio Spurs,Dallas Mavericks, 138,117 
2023-04-09,New Orleans Pelicans,Minnesota Timberwolves, 108,113 
2023-04-09,Memphis Grizzlies,Oklahoma City Thunder, 100,115 
2023-04-09,Sacramento Kings,Denver Nuggets, 95,109 
2023-04-09,Utah Jazz,Los Angeles Lakers, 117,128 
2023-04-09,LA Clippers,Phoenix Suns, 119,114 
2023-04-09,Golden State Warriors,Portland Trail Blazers, 157,101 
